<?xml version="1.0" encoding="UTF-8"?>

<!DOCTYPE mapper
PUBLIC "-//mybatis.org//DTD Mapper 3.0//EN"
"http://mybatis.org/dtd/mybatis-3-mapper.dtd"> <!-- mybatis mapper DTD문서 정의 태그 -->

<!-- 2024-11-28 Board xml 작성 -->
<mapper namespace="Board">
	<!-- 게시판 저장  -->
	<!-- parameterType="board"는 mybatis-config.xml 에 설정한 BoardVO 자바빈 클래스의 별칭을 넣어주면 된다. -->
	<insert id="board_in" parameterType="board">
		insert into tbl_board (bno, writer, title, content, regdate) values(bno_seq.nextval, #{writer}, #{title}, #{content}, sysdate)
	</insert>
	
	<!-- 총 게시물 수 -->
	<!-- resultType="int"는 반환 타입을 지정, ParameterType은 전달받을 인자값이 없기 때문에 쓰지 않음 -->
	<select id="board_count" resultType="int">
		<!-- 오라클에서 count() 함수는 레코드 개수를 반환한다. -->
		select count(*) from tbl_board 
	</select>
	
	<!-- 목록 -->
	<!-- resultType에 List<BoardVO>를 반환하기 때문에 BoardVO의 별칭인 board를 반환 타입으로 지정 -->
	<select id="b_list" resultType="board" parameterType="board">
		
		<!-- pageing 관련 Code -->
		select * from
			(select rowNum rNum, bno, writer, title, viewcnt, regdate from
				(select * from tbl_board order by bno desc))
			where rNUM &gt;= #{startrow} and rNum &lt;= #{endrow}
			<!-- mybatis에서 &gt; 크다의 의미 / &lt; 작다의 의미 -->
	</select>
		
		
	<!-- 2024-11-29 조회수 증가 관련 추가작성 코드 -->
	<update id="b_hit">
		update tbl_board set viewcnt=viewcnt+1 where bno=#{bno}
	</update>
	
	<!-- 2024-11-29 게시판 내용보기 관련 추가작성 코드 -->
	<select id="b_cont" parameterType="int" resultType="board">
		select * from tbl_board where bno=#{bno}
	</select>
	
	<!-- 2024-11-29 게시판 수정하기 관련 추가작성 코드 -->
	<update id="b_edit">
		update tbl_board set writer = #{writer}, title = #{title}, content = #{content}  where bno=#{bno}
	</update>
	
	<!-- 2024-11-29 게시판 삭제하기 관련 추가작성 코드 -->
	<delete id="b_del" parameterType="int">
		delete from tbl_board where bno=#{bno} 
	</delete>
</mapper>